{
    "pr_telemetry": {
        "ac_heating": 598650112,
        "ac_cooling": 0,
        "co2_scrubber": 598650112,
        "lights_on": 598650112,
        "internal_lights_on": 0,
        "brakes": 0,
        "in_sunlight": 0,
        "throttle": 0.0,
        "steering": 0.0,
        "current_pos_x": 0.0,
        "current_pos_y": 0.0,
        "current_pos_alt": 0.0,
        "heading": 0.0,
        "pitch": 0.0,
        "roll": 0.0,
        "distance_traveled": 0.0,
        "speed": 0.0,
        "surface_incline": 0.0,
        "oxygen_tank": 0.0,
        "oxygen_pressure": 0.0,
        "oxygen_levels": 0.0,
        "fan_pri": 0,
        "ac_fan_pri": 0.0,
        "ac_fan_sec": 99.96756744384766,
        "cabin_pressure": 2999.030029296875,
        "cabin_temperature": 21.440275192260742,
        "battery_level": 1.401298464324817e-45,
        "power_consumption_rate": 30001.0,
        "solar_panel_efficiency": 0.0,
        "external_temp": 4.0,
        "pr_coolant_level": 19.39488983154297,
        "pr_coolant_pressure": 97.05612182617188,
        "pr_coolant_tank": 0.008999999612569809,
        "radiator": 0.0,
        "motor_power_consumption": -133.0,
        "terrain_condition": 44.806053161621094,
        "solar_panel_dust_accum": 440.8235778808594,
        "mission_elapsed_time": 99.96756744384766,
        "mission_planned_time": 0.0,
        "point_of_no_return": 0.0,
        "distance_from_base": 0.0,
        "switch_dest": 1076195914,
        "dest_x": 327.0,
        "dest_y": 0.0,
        "dest_z": 0.0,
        "dust_wiper": 0,
        "lidar": [
            0.0,
            0.0,
            0.0,
            0.0,
            0.0,
            0.0,
            0.0,
            0.0,
            0.0,
            0.0,
            0.0,
            0.0,
            0.0
        ]
    }
}