{
    "telemetry": {
        "eva_time": 0.0,
        "eva1": {
            "batt_time_left": 0.0,
            "oxy_pri_storage": 0.0,
            "oxy_sec_storage": 0.0,
            "oxy_pri_pressure": 0.0,
            "oxy_sec_pressure": 0.0,
            "oxy_time_left": 325.0,
            "heart_rate": 5077.14892578125,
            "oxy_consumption": 23.755802154541016,
            "co2_production": 12.480270385742188,
            "suit_pressure_oxy": 0.002167999977245927,
            "suit_pressure_co2": 374.40924072265625,
            "suit_pressure_other": 3913.0,
            "suit_pressure_total": 90.0,
            "fan_pri_rpm": 0.09583800286054611,
            "fan_sec_rpm": 0.09931399673223495,
            "helmet_pressure_co2": 3.0723299980163574,
            "scrubber_a_co2_storage": 0.0019389999797567725,
            "scrubber_b_co2_storage": 11.554200172424316,
            "temperature": 14.628469467163086,
            "coolant_ml": 0.0,
            "coolant_gas_pressure": 30001.0,
            "coolant_liquid_pressure": 0.0979750007390976
        },
        "eva2": {
            "batt_time_left": 0.0,
            "oxy_pri_storage": 39.427825927734375,
            "oxy_sec_storage": 64.49945068359375,
            "oxy_pri_pressure": 20.508068084716797,
            "oxy_sec_pressure": 0.0,
            "oxy_time_left": 101.75070190429688,
            "heart_rate": 3384.893798828125,
            "oxy_consumption": 24.231962203979492,
            "co2_production": 16.409875869750977,
            "suit_pressure_oxy": 0.006279999855905771,
            "suit_pressure_cO2": 0.0059,
            "suit_pressure_other": 4389.0,
            "suit_pressure_total": 90.0,
            "fan_pri_rpm": 0.10054299980401993,
            "fan_sec_rpm": 0.10162100195884705,
            "helmet_pressure_co2": 3.072334051132202,
            "scrubber_a_co2_storage": 0.0017460000235587358,
            "scrubber_b_co2_storage": 11.554200172424316,
            "temperature": 14.628280639648438,
            "coolant_ml": 0.0,
            "coolant_gas_pressure": 30001.0,
            "coolant_liquid_pressure": 0.09832499921321869,
            "suit_pressure_co2": 492.29803466796875
        }
    }
}