{
    "essential_telemetry": {
        "mission_elapsed_time": 1082.0,
        "oxygen_levels": 20.920181274414062,
        "oxygen_tank": 99.89268493652344,
        "oxygen_pressure": 2996.783447265625,
        "battery_level": 99.45516967773438,
        "power_consumption_rate": 0.0005000000237487257,
        "solar_panel_efficiency": 0.0,
        "pr_coolant_tank": 99.89268493652344,
        "pr_coolant_level": 44.75862121582031,
        "pr_coolant_pressure": 314.4801330566406,
        "cabin_temperature": 13.844635009765625,
        "co2_scrubber": 0
    }
}