{
    "pr_telemetry": {
        "ac_heating": 0,
        "ac_cooling": 0,
        "co2_scrubber": 0,
        "lights_on": 0,
        "internal_lights_on": 0,
        "brakes": 0,
        "in_sunlight": 0,
        "throttle": 0.0,
        "steering": 0.0,
        "current_pos_x": -24.600000381469727,
        "current_pos_y": -268.20001220703125,
        "current_pos_alt": -104.5999984741211,
        "heading": 14.5,
        "pitch": 1.5,
        "roll": -4.400000095367432,
        "distance_traveled": 0.0,
        "speed": 0.0,
        "surface_incline": 4.599999904632568,
        "oxygen_tank": 99.89268493652344,
        "oxygen_pressure": 2996.783447265625,
        "oxygen_levels": 20.920181274414062,
        "fan_pri": 1,
        "ac_fan_pri": 30001.0,
        "ac_fan_sec": 0.0,
        "cabin_pressure": 4.0,
        "cabin_temperature": 13.844635009765625,
        "battery_level": 99.45516967773438,
        "power_consumption_rate": 0.0005000000237487257,
        "solar_panel_efficiency": 0.0,
        "external_temp": -133.0,
        "pr_coolant_level": 44.75862121582031,
        "pr_coolant_pressure": 314.4801330566406,
        "pr_coolant_tank": 99.89268493652344,
        "radiator": 0.0,
        "motor_power_consumption": 0.0,
        "terrain_condition": 0.0,
        "solar_panel_dust_accum": 8.62641716003418,
        "mission_elapsed_time": 1082.0,
        "mission_planned_time": 0.0,
        "point_of_no_return": 0.0,
        "distance_from_base": 0.0,
        "switch_dest": 0,
        "dest_x": 1079040.0,
        "dest_y": 739844.125,
        "dest_z": 162203.703125,
        "dust_wiper": 0,
        "lidar": [
            0.0,
            0.0,
            0.0,
            0.0,
            0.0,
            0.0,
            0.0,
            0.0,
            0.0,
            0.0,
            0.0,
            0.0,
            0.0
        ]
    }
}