{
    "telemetry": {
        "eva_time": 1079.0,
        "eva1": {
            "batt_time_left": 5077.14892578125,
            "oxy_pri_storage": 23.755802154541016,
            "oxy_sec_storage": 5.498787879943848,
            "oxy_pri_pressure": 5.498787879943848,
            "oxy_sec_pressure": 0.002004999900236726,
            "oxy_time_left": 164.96560668945312,
            "heart_rate": 3159.0,
            "oxy_consumption": 90.0,
            "co2_production": 0.10297799855470657,
            "suit_pressure_oxy": 0.10729199647903442,
            "suit_pressure_co2": 3.072355031967163,
            "suit_pressure_other": 0.30298200249671936,
            "suit_pressure_total": 11.554200172424316,
            "fan_pri_rpm": 14.929536819458008,
            "fan_sec_rpm": 0.0,
            "helmet_pressure_co2": 30001.0,
            "scrubber_a_co2_storage": 0.32133200764656067,
            "scrubber_b_co2_storage": 0.0,
            "temperature": 100.09542846679688,
            "coolant_ml": 82.8179931640625,
            "coolant_gas_pressure": 20.508068084716797,
            "coolant_liquid_pressure": 36.816802978515625
        },
        "eva2": {
            "batt_time_left": 93.83221435546875,
            "oxy_pri_storage": 3384.893798828125,
            "oxy_sec_storage": 24.231962203979492,
            "oxy_pri_pressure": 9.428394317626953,
            "oxy_sec_pressure": 0.0012179999612271786,
            "oxy_time_left": 282.8486633300781,
            "heart_rate": 3635.0,
            "oxy_consumption": 90.0,
            "co2_production": 0.10693299770355225,
            "suit_pressure_oxy": 0.1049019992351532,
            "suit_pressure_cO2": 0.0059,
            "suit_pressure_other": 0.3028300106525421,
            "suit_pressure_total": 11.554200172424316,
            "fan_pri_rpm": 14.9293794631958,
            "fan_sec_rpm": 0.0,
            "helmet_pressure_co2": 30001.0,
            "scrubber_a_co2_storage": 0.3204289972782135,
            "scrubber_b_co2_storage": 0.0,
            "temperature": 100.08061981201172,
            "coolant_ml": 67.56771850585938,
            "coolant_gas_pressure": 22.034748077392578,
            "coolant_liquid_pressure": 0.0,
            "suit_pressure_co2": 3.0723490715026855
        }
    }
}