{
    "telemetry": {
        "eva_time": 267.0,
        "eva1": {
            "batt_time_left": 5077.14892578125,
            "oxy_pri_storage": 23.755802154541016,
            "oxy_sec_storage": 13.01730728149414,
            "oxy_pri_pressure": 13.01730728149414,
            "oxy_sec_pressure": 0.004908999893814325,
            "oxy_time_left": 390.512451171875,
            "heart_rate": 3971.0,
            "oxy_consumption": 90.0,
            "co2_production": 0.09761500358581543,
            "suit_pressure_oxy": 0.09851299971342087,
            "suit_pressure_co2": 3.072329044342041,
            "suit_pressure_other": 0.001576000009663403,
            "suit_pressure_total": 11.554200172424316,
            "fan_pri_rpm": 14.628105163574219,
            "fan_sec_rpm": 0.0,
            "helmet_pressure_co2": 30001.0,
            "scrubber_a_co2_storage": 0.09738299995660782,
            "scrubber_b_co2_storage": 0.0,
            "temperature": 30.862224578857422,
            "coolant_ml": 65.5255355834961,
            "coolant_gas_pressure": 20.508068084716797,
            "coolant_liquid_pressure": 0.0
        },
        "eva2": {
            "batt_time_left": 103.36940002441406,
            "oxy_pri_storage": 3384.893798828125,
            "oxy_sec_storage": 24.231962203979492,
            "oxy_pri_pressure": 16.94691276550293,
            "oxy_sec_pressure": 0.007577000185847282,
            "oxy_time_left": 508.4056091308594,
            "heart_rate": 4447.0,
            "oxy_consumption": 90.0,
            "co2_production": 0.10159900039434433,
            "suit_pressure_oxy": 0.10319799929857254,
            "suit_pressure_cO2": 0.0059,
            "suit_pressure_other": 0.002256999956443906,
            "suit_pressure_total": 11.554200172424316,
            "fan_pri_rpm": 14.628776550292969,
            "fan_sec_rpm": 0.0,
            "helmet_pressure_co2": 30001.0,
            "scrubber_a_co2_storage": 0.09698200225830078,
            "scrubber_b_co2_storage": 0.0,
            "temperature": 30.74724006652832,
            "coolant_ml": 83.9648666381836,
            "coolant_gas_pressure": 22.034748077392578,
            "coolant_liquid_pressure": 56.427513122558594,
            "suit_pressure_co2": 3.072319984436035
        }
    }
}